0,0.9930012822151184
1,2.83447265625
2,4.48974609375
3,4.9775390625
4,3.9501953125
5,2.77392578125
6,3.6007487773895264
7,4.535318851470947
8,4.509439945220947
9,3.5309245586395264
10,3.4962565898895264
11,3.9905598163604736
12,4.309895992279053
13,4.213216304779053
14,3.720703125
15,3.62890625
16,3.9461262226104736
17,4.13427734375
18,3.9645183086395264
19,3.7262370586395264
20,3.7400715351104736
21,3.9581706523895264
22,4.004068851470947
23,3.94970703125
24,3.841796875
25,3.7853190898895264
26,3.8284504413604736
27,3.9176433086395264
28,3.9158527851104736
29,3.8806965351104736
30,3.8561198711395264
31,3.86962890625
32,3.8118488788604736
33,3.86865234375
34,3.8221027851104736
35,3.9436848163604736
36,3.9431965351104736
37,3.8465168476104736
38,3.8115234375
39,3.8623046875
40,3.78515625
41,3.7892253398895264
42,3.8466796875
43,3.943359375
44,4.030924320220947
45,3.87890625
46,3.8263347148895264
47,3.9803059101104736
48,3.9173176288604736
49,3.8810222148895264
50,3.7789714336395264
51,3.7937824726104736
52,3.9630534648895264
53,4.070475101470947
54,4.009765625
55,3.7122395038604736
56,3.71337890625
57,3.9235026836395264
58,3.9480793476104736
59,3.8434245586395264
60,3.81298828125
61,3.85791015625
62,3.9324543476104736
63,3.9959309101104736
64,3.9405925273895264
65,3.8468425273895264
66,3.76708984375
67,3.6630859375
68,3.8430988788604736
69,3.9988605976104736
70,3.8883464336395264
71,3.79736328125
72,3.9539387226104736
73,4.132975101470947
74,3.9689128398895264
75,3.8631184101104736
76,3.7586262226104736
77,3.8095703125
78,3.95166015625
79,3.83837890625
80,3.7405598163604736
81,3.7189128398895264
82,3.84521484375
83,3.9226887226104736
84,3.853515625
85,3.7830402851104736
86,3.9322917461395264
87,4.0791015625
88,3.9158527851104736
89,3.8037109375
90,3.7117512226104736
91,3.9181315898895264
92,3.83349609375
93,3.7721354961395264
94,3.78857421875
95,3.830078125
96,3.8802082538604736
97,3.8292644023895264
98,3.7736003398895264
99,3.84130859375
100,3.7483723163604736
101,3.6975910663604736
102,3.7556965351104736
103,3.81103515625
104,3.9348957538604736
105,3.80224609375
106,3.7107746601104736
107,3.83740234375
108,4.122721195220947
109,3.9847004413604736
110,3.8346354961395264
111,3.8802082538604736
112,3.9378254413604736
113,4.000325679779053
114,3.9913737773895264
115,3.8098957538604736
116,3.8289387226104736
117,3.9482421875
118,3.9676105976104736
119,3.8302409648895264
120,3.7316081523895264
121,3.88330078125
122,3.9357097148895264
123,3.8876953125
124,3.8875324726104736
125,3.8883464336395264
126,4.027994632720947
127,4.00634765625
128,3.7205402851104736
129,3.74169921875
130,3.8365886211395264
131,3.9596354961395264
132,3.8499348163604736
133,3.7449543476104736
134,3.8831379413604736
135,3.9514973163604736
136,3.9090168476104736
137,3.9345703125
138,3.9391276836395264
139,3.9295246601104736
140,3.8347980976104736
141,3.853515625
142,3.7903645038604736
143,3.8209636211395264
144,3.7073566913604736
145,3.71240234375
146,3.755859375
147,3.8248698711395264
148,4.0107421875
149,3.97607421875
150,3.8160808086395264
151,3.7789714336395264
152,3.87060546875
153,3.8429362773895264
154,3.7032878398895264
155,3.7648112773895264
156,3.9152019023895264
157,3.9249675273895264
158,3.7272136211395264
159,3.73388671875
160,3.9002277851104736
161,3.9970703125
162,3.91943359375
163,3.8238933086395264
164,3.8567707538604736
165,3.8221027851104736
166,3.86181640625
