2,2.3125
3,2.125
4,2.9375
5,2.75
6,2.75
7,2.125
8,3.1875
9,2.6875
10,2.5625
11,1.875
12,2.375
13,1.75
14,4.5625
15,2.375
16,2.5625
17,3.125
18,1.6875
19,2.9375
20,2.9375
21,2.6875
22,2.8125
23,2.1875
24,2.5
25,2.875
26,2.5625
27,3.0625
28,3.0625
29,2.125
30,2.6875
31,2.1875
32,2.8125
33,2.5
34,3.0
35,3.0625
36,2.5625
37,2.625
38,2.125
39,2.6875
40,3.375
41,3.0625
42,2.25
43,2.5625
44,3.3125
45,1.8125
46,2.625
47,2.1875
48,3.125
49,2.0
50,2.375
51,2.625
52,3.0
53,3.625
54,2.25
55,2.3125
56,2.6875
57,2.8125
58,2.875
59,3.125
60,3.0625
61,2.9375
62,2.8125
63,1.75
64,3.25
65,3.375
66,4.3125
67,2.9375
68,2.6875
69,2.75
70,3.375
71,3.3125
72,2.1875
73,2.9375
74,2.6875
75,2.8125
76,2.3125
77,2.8125
78,3.25
79,2.0625
80,2.625
81,2.8125
82,2.8125
83,2.875
84,3.25
85,3.375
86,3.25
87,2.1875
88,2.3125
89,3.0
90,2.4375
91,2.5
92,2.4375
93,2.6875
94,2.5
95,3.75
96,3.3125
97,2.125
98,2.5
99,2.5
100,3.0
101,2.4375
102,3.0
103,2.625
104,2.6875
105,2.9375
106,3.1875
107,2.4375
108,2.3125
109,2.625
110,3.1875
111,2.8125
112,3.0
113,2.375
114,2.5
115,2.0
116,2.25
117,2.5
118,3.125
119,2.5625
120,3.5
121,2.25
122,3.3125
123,3.1875
124,2.625
125,2.5
126,2.5
127,2.4375
128,3.25
129,2.8125
130,2.0625
131,3.0
132,2.625
133,2.5
134,3.375
135,3.9375
136,3.0625
137,3.375
138,3.25
139,2.5625
140,2.5
141,2.9375
142,2.875
143,2.125
144,3.0625
145,3.0625
146,2.625
147,3.0
148,3.3125
149,2.3125
150,2.75
151,2.375
152,2.4375
153,2.75
154,2.25
155,3.125
156,2.6875
157,3.375
158,2.5625
159,2.8125
160,2.375
161,3.0625
162,2.25
163,2.9375
164,2.4375
165,4.0625
166,2.6875
