0,6144.0
1,12288.0
2,18432.0
3,24576.0
4,30720.0
5,36864.0
6,43008.0
7,49152.0
8,55296.0
9,61440.0
10,67584.0
11,73728.0
12,79872.0
13,86016.0
14,92160.0
15,98304.0
16,104448.0
17,110592.0
18,116736.0
19,122880.0
20,129024.0
21,135168.0
22,141312.0
23,147456.0
24,153600.0
25,159744.0
26,165888.0
27,172032.0
28,178176.0
29,184320.0
30,190464.0
31,196608.0
32,202752.0
33,208896.0
34,215040.0
35,221184.0
36,227328.0
37,233472.0
38,239616.0
39,245760.0
40,251904.0
41,258048.0
42,264192.0
43,270336.0
44,276480.0
45,282624.0
46,288768.0
47,294912.0
48,301056.0
49,307200.0
50,313344.0
51,319488.0
52,325632.0
53,331776.0
54,337920.0
55,344064.0
56,350208.0
57,356352.0
58,362496.0
59,368640.0
60,374784.0
61,380928.0
62,387072.0
63,393216.0
64,399360.0
65,405504.0
66,411648.0
67,417792.0
68,423936.0
69,430080.0
70,436224.0
71,442368.0
72,448512.0
73,454656.0
74,460800.0
75,466944.0
76,473088.0
77,479232.0
78,485376.0
79,491520.0
80,497664.0
81,503808.0
82,509952.0
83,516096.0
84,522240.0
85,528384.0
86,534528.0
87,540672.0
88,546816.0
89,552960.0
90,559104.0
91,565248.0
92,571392.0
93,577536.0
94,583680.0
95,589824.0
96,595968.0
97,602112.0
98,608256.0
99,614400.0
100,620544.0
101,626688.0
102,632832.0
103,638976.0
104,645120.0
105,651264.0
106,657408.0
107,663552.0
108,669696.0
109,675840.0
110,681984.0
111,688128.0
112,694272.0
113,700416.0
114,706560.0
115,712704.0
116,718848.0
117,724992.0
118,731136.0
119,737280.0
120,743424.0
121,749568.0
122,755712.0
123,761856.0
124,768000.0
125,774144.0
126,780288.0
127,786432.0
128,792576.0
129,798720.0
130,804864.0
131,811008.0
132,817152.0
133,823296.0
134,829440.0
135,835584.0
136,841728.0
137,847872.0
138,854016.0
139,860160.0
140,866304.0
141,872448.0
142,878592.0
143,884736.0
144,890880.0
145,897024.0
146,903168.0
147,909312.0
148,915456.0
149,921600.0
150,927744.0
151,933888.0
152,940032.0
153,946176.0
154,952320.0
155,958464.0
156,964608.0
157,970752.0
158,976896.0
159,983040.0
160,989184.0
161,995328.0
162,1001472.0
163,1007616.0
164,1013760.0
165,1019904.0
166,1026048.0
