0,-0.013903401792049408
1,-0.013074405491352081
2,-0.0703643187880516
3,-0.013558010570704937
4,0.004903997294604778
5,-0.015832863748073578
6,-0.02307996153831482
7,-0.01366383582353592
8,-0.005825155880302191
9,-0.010636184364557266
10,-0.011255419813096523
11,-0.013219679705798626
12,0.0012122740736231208
13,0.005717471241950989
14,0.0019825538620352745
15,0.007285425905138254
16,-0.00481932470574975
17,0.001358035602606833
18,-0.001795265357941389
19,-0.014827968552708626
20,-0.015528110787272453
21,-0.020130634307861328
22,-0.014636053703725338
23,-0.004104846157133579
24,-0.012943529523909092
25,-0.009148791432380676
26,-0.00637764111161232
27,-0.006337661761790514
28,-0.0019798865541815758
29,0.002906199311837554
30,-0.005037318449467421
31,-0.013347196392714977
32,-0.004074001219123602
33,0.00012750670430250466
34,-0.012819911353290081
35,-0.009109090082347393
36,-0.0029455749318003654
37,-0.004644160158932209
38,-0.005708740558475256
39,0.0009058486321009696
40,0.008219031617045403
41,0.006979397032409906
42,-0.0010728356428444386
43,0.011918335221707821
44,0.010025524534285069
45,0.003522456157952547
46,-0.004156012553721666
47,-0.00012592175335157663
48,0.0004788298101630062
49,0.004528374876827002
50,-0.002148956758901477
51,-0.0015786589356139302
52,-0.008445966057479382
53,0.0006101857288740575
54,0.0017325334483757615
55,-0.004304153844714165
56,-0.007130003999918699
57,-0.009022300131618977
58,-0.003972847014665604
59,-0.00844593346118927
60,-0.00048584199976176023
61,0.004525232128798962
62,0.008456799201667309
63,-0.0065555875189602375
64,-0.0056685516610741615
65,-0.010152298025786877
66,-0.009774803183972836
67,-0.00635767774656415
68,-0.0030938757117837667
69,0.008537336252629757
70,-0.001337310648523271
71,-0.007014174479991198
72,-0.0018350486643612385
73,0.00788967963308096
74,0.009180054068565369
75,0.009099220857024193
76,0.012821569107472897
77,-0.0015369270695373416
78,0.01051649171859026
79,0.011106577701866627
80,0.01900913566350937
81,-0.007527865469455719
82,-0.004022891633212566
83,0.001576585927978158
84,-0.0049798013642430305
85,0.007820842787623405
86,0.005311836022883654
87,-0.004489332437515259
88,0.0006606100359931588
89,-0.0045086401514709
90,0.0006409924244508147
91,0.0003437646373640746
92,-0.0005697414162568748
93,0.0005269538378342986
94,0.008694586344063282
95,-0.003239019075408578
96,-0.007012143265455961
97,-0.00632898136973381
98,-0.0015119649469852448
99,0.003106331219896674
100,-0.002387173008173704
101,-0.0016863406635820866
102,-0.004194517619907856
103,-0.0053272428922355175
104,-0.00030024535953998566
105,0.008102507330477238
106,0.007391712162643671
107,0.01133197546005249
108,0.009907779283821583
109,0.0037764280568808317
110,-0.010356034152209759
111,0.0011773951118811965
112,-0.003906452562659979
113,0.005487334448844194
114,0.0023180139251053333
115,0.00893503986299038
116,0.002487743506208062
117,0.007336001843214035
118,0.009840965270996094
119,0.002763643627986312
120,-0.002535594627261162
121,-0.009968184866011143
122,-0.008380532264709473
123,0.008093517273664474
124,0.000563421577680856
125,-0.0036507986951619387
126,0.015621134079992771
127,-0.0015039178542792797
128,0.0024151161778718233
129,-0.002669749315828085
130,-0.006354179233312607
131,0.007159871514886618
132,0.0014595917891710997
133,0.0061726984567940235
134,-0.012285910546779633
135,-0.0006517197471112013
136,-0.000713711604475975
137,-0.00556305842474103
138,0.01040968019515276
139,-0.00395354675129056
140,-0.006936046294867992
141,0.0016647311858832836
142,-0.013281322084367275
143,0.0033906830940395594
144,-0.011035214178264141
145,0.011485951952636242
146,0.0005891379551030695
147,0.00020301951735746115
148,0.011019461788237095
149,0.005347975064069033
150,0.009751512669026852
151,0.007682615891098976
152,-0.0024707422126084566
153,0.004028022289276123
154,0.008264872245490551
155,0.0006140049081295729
156,0.019894855096936226
157,0.021830439567565918
158,0.003986749332398176
159,0.0024216535966843367
160,0.013585603795945644
161,0.001995715079829097
162,0.009983242489397526
163,0.0022974354214966297
164,0.005339630413800478
165,-0.006567616015672684
166,0.0024467871990054846
