2,-0.3125
3,-1.0625
4,-1.3125
5,-1.1875
6,-0.875
7,-1.1875
8,-0.8125
9,-1.0
10,-1.25
11,-1.0625
12,-1.375
13,-1.25
14,-1.375
15,-0.9375
16,-1.3125
17,-1.0625
18,-1.3125
19,-1.6875
20,-1.125
21,-1.4375
22,-1.1875
23,-1.25
24,-1.125
25,-0.8125
26,-1.0625
27,-1.3125
28,-1.125
29,-1.1875
30,-1.125
31,-1.3125
32,-1.5
33,-0.8125
34,-1.25
35,-1.0625
36,-1.9375
37,-1.625
38,-0.8125
39,-1.25
40,-1.0625
41,-0.9375
42,-1.375
43,-1.5625
44,-1.75
45,-1.125
46,-1.25
47,-1.1875
48,-1.125
49,-1.25
50,-1.25
51,-1.0
52,-1.0
53,-1.375
54,-1.1875
55,-2.125
56,-1.125
57,-1.0625
58,-1.125
59,-1.0625
60,-1.0625
61,-1.4375
62,-1.0625
63,-1.4375
64,-1.25
65,-1.5625
66,-1.375
67,-1.0625
68,-1.6875
69,-1.0
70,-0.9375
71,-1.5
72,-1.0625
73,-1.25
74,-1.75
75,-1.875
76,-1.125
77,-1.25
78,-1.25
79,-1.25
80,-1.0
81,-1.25
82,-1.25
83,-0.9375
84,-1.1875
85,-1.5625
86,-1.0625
87,-0.875
88,-1.4375
89,-1.0625
90,-0.9375
91,-1.0
92,-0.875
93,-1.3125
94,-1.625
95,-1.1875
96,-1.3125
97,-1.0
98,-1.3125
99,-2.0
100,-1.4375
101,-1.1875
102,-1.4375
103,-1.6875
104,-1.3125
105,-1.4375
106,-1.625
107,-1.125
108,-1.1875
109,-1.3125
110,-1.5
111,-1.3125
112,-1.4375
113,-1.0
114,-1.25
115,-1.625
116,-1.125
117,-1.125
118,-1.5
119,-1.625
120,-1.8125
121,-1.25
122,-1.125
123,-1.625
124,-1.0625
125,-1.25
126,-1.375
127,-1.1875
128,-1.25
129,-1.4375
130,-1.5
131,-1.3125
132,-1.0625
133,-1.25
134,-1.0625
135,-1.5
136,-1.3125
137,-1.375
138,-1.0625
139,-1.1875
140,-1.3125
141,-1.1875
142,-1.3125
143,-1.3125
144,-1.1875
145,-0.875
146,-1.3125
147,-1.0625
148,-1.0
149,-0.625
150,-1.0625
151,-1.3125
152,-1.6875
153,-1.0625
154,-1.25
155,-1.3125
156,-1.5
157,-1.625
158,-1.1875
159,-1.0625
160,-1.25
161,-1.0625
162,-1.0625
163,-1.375
164,-1.5
165,-0.9375
166,-1.0625
167,-1.3125
168,-1.1875
169,-1.0
170,-0.875
171,-1.5
172,-1.6875
173,-1.1875
174,-1.25
175,-1.375
176,-1.0
177,-1.0625
178,-1.125
179,-1.0
180,-1.25
181,-1.5625
182,-1.0
183,-1.1875
184,-1.5
185,-1.0
186,-1.0625
187,-0.9375
188,-1.125
189,-1.0
190,-1.4375
191,-1.25
192,-1.1875
193,-1.5
194,-0.8125
195,-1.375
196,-1.125
197,-1.875
198,-0.8125
199,-1.1875
200,-1.125
201,-0.875
202,-1.6875
203,-0.75
204,-1.375
205,-1.4375
206,-1.1875
207,-1.1875
208,-1.125
209,-0.875
210,-0.75
211,-1.125
212,-2.0625
213,-1.3125
214,-0.9375
215,-1.5625
216,-1.5
217,-1.0
218,-1.0625
219,-1.0625
220,-1.0625
221,-1.3125
222,-1.0625
223,-1.3125
224,-0.8125
225,-1.0625
226,-0.9375
227,-0.9375
228,-1.125
229,-1.3125
230,-1.3125
231,-1.4375
232,-1.1875
233,-1.0
234,-1.0625
235,-1.0
236,-1.25
237,-1.125
238,-0.875
239,-1.0625
240,-1.0
241,-1.3125
242,-1.0625
243,-1.25
244,-1.4375
245,-1.5625
246,-1.5
247,-1.25
248,-1.1875
249,-1.3125
250,-0.9375
251,-1.4375
252,-0.9375
253,-1.0625
254,-1.25
255,-1.375
256,-1.25
257,-1.0625
258,-1.1875
259,-1.1875
260,-0.875
261,-1.125
262,-1.0
263,-1.4375
264,-1.375
265,-0.8125
266,-1.4375
267,-1.0
268,-1.125
269,-1.25
270,-1.125
271,-1.4375
272,-1.1875
273,-1.0625
274,-1.4375
275,-1.375
276,-1.0625
277,-0.8125
278,-1.8125
279,-1.25
280,-1.3125
281,-1.0625
282,-1.5
283,-1.1875
284,-1.0625
285,-1.875
286,-1.0625
287,-1.25
288,-1.5
289,-1.1875
290,-1.125
291,-1.0
292,-1.3125
293,-1.0
294,-1.3125
295,-0.8125
296,-0.8125
297,-1.375
298,-1.125
299,-0.9375
300,-1.0
301,-1.5625
302,-1.375
303,-1.3125
304,-1.1875
305,-0.9375
306,-0.9375
307,-1.75
308,-1.0625
309,-0.875
310,-1.25
311,-1.375
312,-1.375
313,-1.0
314,-1.0625
315,-1.1875
316,-1.125
317,-1.1875
318,-1.5
319,-1.0
320,-0.8125
321,-1.5625
322,-1.0
323,-1.0
324,-1.4375
325,-1.25
326,-1.0625
327,-1.0
328,-1.6875
329,-1.6875
330,-1.4375
331,-0.875
332,-1.0625
333,-1.0
334,-1.0625
335,-1.3125
336,-1.4375
337,-1.0625
338,-1.0
339,-1.0625
340,-1.25
341,-1.0
342,-1.25
343,-1.0
344,-0.875
345,-1.0625
346,-1.25
347,-0.9375
348,-1.3125
349,-1.1875
350,-1.625
351,-1.125
352,-1.75
353,-0.75
354,-1.125
355,-1.25
356,-1.0625
357,-1.125
358,-1.0625
359,-1.25
360,-1.25
361,-1.125
362,-0.9375
363,-1.3125
364,-1.0625
365,-1.125
366,-1.0625
367,-1.3125
368,-1.125
369,-1.625
370,-1.0625
371,-1.3125
372,-1.125
373,-0.75
374,-0.8125
375,-1.0625
376,-0.75
377,-1.3125
378,-1.375
379,-0.75
380,-1.25
381,-1.0
382,-1.125
383,-1.3125
384,-1.125
385,-0.9375
386,-1.0625
387,-1.125
388,-1.1875
389,-1.0
390,-1.0625
391,-1.375
392,-1.5
393,-0.9375
394,-1.3125
395,-0.9375
396,-1.1875
397,-1.25
398,-1.0625
399,-1.3125
400,-1.375
401,-1.0
402,-0.9375
403,-1.1875
404,-1.125
405,-0.9375
406,-1.4375
407,-0.9375
408,-0.9375
409,-1.3125
410,-1.0
411,-1.125
412,-1.3125
413,-1.0
414,-0.9375
415,-1.25
416,-1.625
417,-1.25
418,-1.0
419,-0.875
420,-0.875
421,-1.3125
422,-0.75
423,-1.25
424,-1.4375
425,-1.4375
426,-1.1875
427,-1.0
428,-1.625
429,-1.0
430,-1.4375
431,-1.3125
432,-1.3125
433,-1.125
434,-1.1875
435,-1.125
436,-1.125
437,-1.0625
438,-2.125
439,-1.3125
440,-1.0
441,-1.1875
442,-1.125
443,-1.0625
444,-1.375
445,-1.0
446,-1.1875
447,-1.0625
448,-1.0
449,-1.5
450,-0.8125
451,-1.0
452,-1.625
453,-1.125
454,-1.6875
455,-1.5
456,-1.25
457,-1.125
458,-0.9375
459,-1.4375
460,-1.375
461,-0.8125
462,-1.375
463,-1.0
464,-1.125
465,-0.8125
466,-1.0
467,-1.0
468,-1.0625
469,-1.0625
470,-0.9375
471,-1.125
472,-1.0625
473,-0.6875
474,-1.0625
475,-1.875
476,-0.8125
477,-0.9375
478,-1.1875
479,-0.875
480,-1.25
481,-1.25
482,-1.0
483,-1.375
484,-1.5
485,-1.5625
486,-1.1875
487,-1.125
488,-1.3125
489,-1.0625
490,-0.75
491,-0.875
492,-0.9375
493,-0.9375
494,-0.875
495,-1.25
496,-1.0625
497,-0.9375
498,-1.0625
499,-0.9375
