0,-0.625
1,-0.625
2,-0.6875
3,-0.625
4,-0.625
5,-0.375
6,-0.625
7,-0.625
8,-0.625
9,-0.625
10,-0.3125
11,-0.625
12,-0.625
13,-0.625
14,-0.625
15,-0.625
16,-0.6875
17,-0.625
18,-0.6875
19,-0.625
20,-0.625
21,-0.625
22,-0.625
23,-0.625
24,-0.6875
25,-0.6875
26,-0.625
27,-0.625
28,-0.5625
29,-0.625
30,-0.625
31,-0.6875
32,-0.6875
33,-0.625
34,-0.375
35,-0.625
36,-0.625
37,-0.625
38,-0.6875
39,-0.625
40,-0.625
41,-0.625
42,-0.625
43,-0.375
44,-0.625
45,-0.625
46,-0.625
47,-0.625
48,-0.625
49,-0.625
50,-0.625
51,-0.375
52,-0.625
53,-0.75
54,-0.625
55,-0.625
56,-0.625
57,-0.625
58,-0.625
59,-0.625
60,-0.625
61,-0.6875
62,-0.625
63,-0.6875
64,-0.625
65,-0.625
66,-0.6875
67,-0.625
68,-0.625
69,-0.625
70,-0.625
71,-0.375
72,-0.625
73,-0.625
74,-0.625
75,-0.6875
76,-0.625
77,-0.625
78,-0.625
79,-0.625
80,-0.625
81,-0.625
82,-0.625
83,-0.625
84,-0.625
85,-0.625
86,-0.625
87,-0.625
88,-0.625
89,-0.625
90,-0.625
91,-0.625
92,-0.625
93,-0.6875
94,-0.625
95,-0.625
96,-0.625
97,-0.9375
98,-0.625
99,-0.625
100,-0.9375
101,-0.625
102,-0.625
103,-0.625
104,-0.625
105,-0.625
106,-0.625
107,-0.625
108,-0.375
109,-0.625
110,-0.625
111,-0.625
112,-0.625
113,-0.625
114,-0.625
115,-0.6875
116,-0.625
117,-0.625
118,-0.625
119,-0.625
120,-0.625
121,-0.375
122,-0.625
123,-0.625
124,-0.625
125,-0.625
126,-0.625
127,-0.9375
128,-0.625
129,-0.375
130,-0.625
131,-0.625
132,-0.625
133,-0.625
134,-0.625
135,-0.625
136,-0.625
137,-0.625
138,-0.625
139,-0.625
140,-0.625
141,-0.625
142,-0.625
143,-0.625
144,-0.6875
145,-0.625
146,-0.625
147,-0.625
148,-0.625
149,-0.625
150,-0.625
151,-0.625
152,-0.625
153,-0.625
154,-0.6875
155,-0.9375
156,-0.375
157,-0.625
158,-0.625
159,-0.625
160,-0.6875
161,-0.625
162,-0.625
163,-0.625
164,-0.625
165,-0.375
166,-0.625
167,-0.4375
168,-0.625
169,-0.625
170,-0.625
171,-0.625
172,-0.625
173,-0.6875
174,-0.625
175,-0.625
176,-0.625
177,-0.625
178,-0.625
179,-0.625
180,-0.6875
181,-0.625
182,-0.625
183,-0.625
184,-0.625
185,-0.625
186,-0.625
187,-0.625
188,-0.625
189,-0.625
190,-0.625
191,-0.625
192,-0.625
193,-0.9375
194,-0.625
195,-0.375
196,-0.9375
197,-0.625
198,-0.6875
199,-0.625
200,-0.6875
201,-0.625
202,-0.625
203,-0.625
204,-0.625
205,-0.625
206,-0.625
207,-0.625
208,-0.625
209,-0.9375
210,-0.625
211,-0.625
212,-0.625
213,-0.625
214,-0.625
215,-0.625
216,-0.625
217,-0.6875
218,-0.6875
219,-0.625
220,-0.625
221,-0.6875
222,-0.625
223,-0.625
224,-0.375
225,-0.625
226,-0.625
227,-0.625
228,-0.625
229,-0.625
230,-0.625
231,-0.625
232,-0.625
233,-0.625
234,-0.625
235,-0.625
236,-0.625
237,-0.625
238,-0.625
239,-0.375
240,-0.625
241,-0.625
242,-0.625
243,-0.625
244,-0.6875
245,-0.625
246,-0.625
247,-0.625
248,-0.625
249,-0.625
250,-0.625
251,-0.625
252,-0.625
253,-0.6875
254,-0.625
255,-0.6875
256,-0.625
257,-0.6875
258,-0.625
259,-0.625
260,-0.375
261,-0.625
262,-0.625
263,-0.625
264,-0.625
265,-0.625
266,-0.625
267,-0.625
268,-0.625
269,-0.625
270,-0.9375
271,-0.625
272,-0.6875
273,-0.6875
274,-0.625
275,-0.625
276,-0.6875
277,-0.6875
278,-0.375
279,-0.625
280,-0.9375
281,-0.625
282,-0.625
283,-0.625
284,-0.625
285,-0.6875
286,-1.0
287,-0.375
288,-0.625
289,-0.625
290,-0.625
291,-0.625
292,-0.9375
293,-0.625
294,-0.625
295,-0.625
296,-0.625
297,-0.625
298,-0.625
299,-0.625
300,-0.625
301,-0.375
302,-0.625
303,-0.625
304,-0.625
305,-0.625
306,-0.625
307,-0.625
308,-0.625
309,-0.6875
310,-0.9375
311,-0.625
312,-0.625
313,-0.625
314,-0.6875
315,-0.625
316,-0.625
317,-0.375
318,-0.6875
319,-0.625
320,-0.375
321,-0.625
322,-0.625
323,-0.6875
324,-0.625
325,-0.625
326,-0.625
327,-0.625
328,-0.625
329,-0.625
330,-0.625
331,-0.625
332,-0.625
333,-0.625
334,-0.625
335,-0.375
336,-0.625
337,-0.375
338,-0.625
339,-0.6875
340,-0.625
341,-0.625
342,-0.625
343,-0.625
344,-0.625
345,-0.625
346,-0.9375
347,-0.625
348,-0.6875
349,-0.625
350,-0.625
351,-0.625
352,-0.6875
353,-0.625
354,-0.625
355,-0.625
356,-0.625
357,-0.625
358,-0.375
359,-0.625
360,-0.625
361,-0.6875
362,-0.9375
363,-0.625
364,-0.6875
365,-0.625
366,-0.9375
367,-0.625
368,-0.6875
369,-0.625
370,-0.625
371,-0.625
372,-0.625
373,-0.625
374,-0.625
375,-0.625
376,-0.625
377,-0.625
378,-0.6875
379,-0.625
380,-0.625
381,-0.6875
382,-0.625
383,-0.625
384,-0.625
385,-0.625
386,-0.625
387,-0.625
388,-0.6875
389,-0.625
390,-0.625
391,-0.625
392,-0.625
393,-0.625
394,-0.625
395,-0.625
396,-0.6875
397,-0.6875
398,-0.625
399,-0.6875
400,-0.625
401,-0.625
402,-0.625
403,-0.6875
404,-0.625
405,-0.375
406,-0.625
407,-0.625
408,-0.625
409,-0.625
410,-0.625
411,-0.625
412,-0.625
413,-0.625
414,-0.625
415,-0.625
416,-0.625
417,-0.625
418,-0.6875
419,-0.6875
420,-0.625
421,-0.6875
422,-0.625
423,-0.625
424,-0.9375
425,-0.625
426,-0.625
427,-0.625
428,-0.625
429,-0.625
430,-0.625
431,-0.625
432,-0.625
433,-0.625
434,-0.625
435,-0.5625
436,-0.625
437,-0.625
438,-0.625
439,-0.6875
440,-0.375
441,-0.625
442,-0.6875
443,-0.9375
444,-0.625
445,-0.625
446,-0.625
447,-0.625
448,-0.625
449,-0.6875
450,-0.625
451,-0.625
452,-0.9375
453,-0.625
454,-0.625
455,-0.9375
456,-0.4375
457,-0.625
458,-0.625
459,-0.625
460,-0.375
461,-0.625
462,-0.625
463,-0.625
464,-0.625
465,-0.375
466,-0.625
467,-0.625
468,-0.625
469,-0.625
470,-0.625
471,-0.625
472,-0.625
473,-0.625
474,-0.625
475,-0.625
476,-0.625
477,-0.625
478,-0.625
479,-0.625
480,-0.625
481,-0.375
482,-0.625
483,-0.625
484,-0.625
485,-0.625
486,-0.625
487,-0.625
488,-0.6875
489,-0.625
490,-0.625
491,-0.375
492,-0.6875
493,-0.625
494,-0.625
495,-0.625
496,-0.625
497,-0.625
498,-0.625
499,-0.4375
