0,-0.013927069492638111
1,-0.010521220974624157
2,-0.07378285378217697
3,-0.01041954942047596
4,-0.0009257197962142527
5,-0.020656323060393333
6,-0.02280980348587036
7,-0.008618186227977276
8,0.0007784885820001364
9,-0.001001355703920126
10,-0.012356437742710114
11,-7.018898031674325e-05
12,0.0048879412934184074
13,-0.009557772427797318
14,0.002597671002149582
15,-0.003426584415137768
16,-0.007023938465863466
17,-0.0006129278335720301
18,0.009849649854004383
19,0.002939147874712944
20,-0.006375309079885483
21,0.008921477943658829
22,0.00019203971896786243
23,-0.0038579877000302076
24,0.0014330074191093445
25,0.006509820464998484
26,0.0043640644289553165
27,0.003394312923774123
28,0.008427019231021404
29,-0.010609795339405537
30,0.0009310737368650734
31,-0.005021574907004833
32,-0.0052742199040949345
33,-3.8899557694094256e-05
34,0.0002498269604984671
35,-0.007473777513951063
36,0.004759152885526419
37,-0.004337520804256201
38,-0.009599534794688225
39,0.0004643314750865102
40,-0.0011454386403784156
41,0.0015253685414791107
42,-0.0028920124750584364
43,-0.00805601291358471
44,-0.003866002196446061
45,0.014189506880939007
46,0.004060481674969196
47,0.008492975495755672
48,0.00566317792981863
49,-0.007177137304097414
50,0.006849540397524834
51,0.005862190388143063
52,0.0005051538464613259
53,0.010401108302175999
54,0.003151951590552926
55,0.002686289604753256
56,0.003629605285823345
57,-0.00439612427726388
58,0.004870287608355284
59,0.01195189543068409
60,-0.0023531573824584484
61,-0.0045126923359930515
62,-0.0019561038352549076
63,-0.0034188341815024614
64,0.002576095750555396
65,-0.00822084117680788
66,0.0008887946023605764
67,-0.01633913628757
68,-0.007340666372328997
69,-0.004281215835362673
70,-0.007509271148592234
71,-0.012948011048138142
72,0.005487642716616392
73,-0.001165652647614479
74,-0.0007533296011388302
75,0.00245391926728189
76,-0.004836474545300007
77,-0.007257807534188032
78,0.006754668895155191
79,0.00370559049770236
80,0.014266692101955414
81,0.004910563584417105
82,0.0006354741053655744
83,0.008141797035932541
84,-0.003363159252330661
85,0.0008598871645517647
86,-0.006789156701415777
87,0.0005363449454307556
88,0.0049311015754938126
89,0.002588860224932432
90,-0.011309522204101086
91,-0.009289553388953209
92,0.010761269368231297
93,0.008298272266983986
94,-0.00928409118205309
95,0.012320873327553272
96,0.012818151153624058
97,0.005898988340049982
98,-0.0005866385181434453
99,-0.011924277059733868
100,-0.0019537254702299833
101,-0.001268846681341529
102,0.003587645012885332
103,-0.01174040324985981
104,0.0023633402306586504
105,-0.0005785887478850782
106,0.002468063496053219
107,-0.013471332378685474
108,0.009428470395505428
109,0.004519966896623373
110,-0.008105071261525154
111,-0.004568236880004406
112,-0.011307844892144203
113,-0.007534257601946592
114,-0.012414372526109219
115,0.00012450365466065705
116,-0.004112849943339825
117,0.0028507171664386988
118,0.021942241117358208
119,0.0019391621463000774
120,-0.002524301642552018
121,0.006272787693887949
122,-0.0016645793803036213
123,0.012592659331858158
124,0.0035094982013106346
125,0.006499875336885452
126,0.000603526015765965
127,-0.016841841861605644
128,-0.002107502892613411
129,-0.007951260544359684
130,0.002593269804492593
131,0.011024467647075653
132,0.011550920084118843
133,-0.00347185879945755
134,0.007190244272351265
135,-0.005114602856338024
136,0.002217436209321022
137,-0.008160429075360298
138,0.00026636780239641666
139,-0.0016289380146190524
140,-0.011846366338431835
141,-0.0026211377698928118
142,0.004123043268918991
143,0.009308421052992344
144,0.007629417814314365
145,0.013453163206577301
146,0.0007975419284775853
147,0.006663761101663113
148,-0.010899940505623817
149,-0.0004574004851747304
150,0.00516783632338047
151,0.0111246882006526
152,-0.006485404912382364
153,0.014951828867197037
154,0.026367679238319397
155,-0.003745205234736204
156,0.001400781562551856
157,0.0030751952435821295
158,-0.0003172596625518054
159,0.0018878983100876212
160,0.004159791395068169
161,0.00660555949434638
162,-0.010000755079090595
163,0.000332086841808632
164,-0.00390625
165,-0.004527227021753788
166,0.009469709359109402
167,0.004529835190623999
168,0.014490412548184395
169,-8.764653102844022e-06
170,0.0034759051632136106
171,0.004286610521376133
172,-0.0015519025037065148
173,-0.0005863789119757712
174,-0.0054126582108438015
175,-0.006119260564446449
176,0.0081212492659688
177,0.0078056915663182735
178,0.0011111869243904948
179,-0.010514833964407444
180,-0.003511267714202404
181,0.011741524562239647
182,0.010150234214961529
183,0.005793164484202862
184,0.0007377271540462971
185,0.0020546368323266506
186,-0.010402212850749493
187,-0.005591382272541523
188,0.009236925281584263
189,0.00414675660431385
190,-0.005356777459383011
191,-0.002858719788491726
192,-0.0024519586004316807
193,0.008675246499478817
194,-0.004188955761492252
195,0.0011325407540425658
196,0.00044452454312704504
197,0.0060002063401043415
198,-0.0022651359904557467
199,-0.013900929130613804
200,-0.003853401867672801
201,-0.0054136645048856735
202,-0.003047121921554208
203,0.000738944741897285
204,-0.012437441386282444
205,0.004263659007847309
206,-0.0008108956972137094
207,0.02373967505991459
208,0.00491981441155076
209,-0.002667634515091777
210,0.0054718866012990475
211,0.0019924009684473276
212,0.002344608074054122
213,-0.004260072950273752
214,0.0031804663594812155
215,0.005385087337344885
216,-0.015507316216826439
217,0.0015341504476964474
218,0.0029409676790237427
219,-0.017952634021639824
220,-0.005217851139605045
221,0.0029622428119182587
222,-0.0008500477997586131
223,0.0012321380199864507
224,-0.0025957017205655575
225,-0.008574755862355232
226,-0.00012220803182572126
227,0.01168330479413271
228,-0.008998094126582146
229,-0.011182268150150776
230,0.008491055108606815
231,0.007941368967294693
232,0.005633192602545023
233,-0.006094655487686396
234,0.004258664324879646
235,-0.005712268874049187
236,0.0014608227647840977
237,0.000448318402050063
238,-0.003183916211128235
239,-0.011011186987161636
240,0.00979359820485115
241,-0.009704767726361752
242,0.007127025630325079
243,-0.003736558137461543
244,0.00761835603043437
245,0.0017092983471229672
246,0.013718845322728157
247,0.0030816481448709965
248,0.009664451703429222
249,-0.0006804699078202248
250,0.007208753377199173
251,-0.005298424977809191
252,-0.0013044397346675396
253,-0.007762799970805645
254,-0.004816817585378885
255,-0.006882799789309502
256,-0.0043791900388896465
257,0.0035852650180459023
258,-0.008604633621871471
259,-0.002219925634562969
260,-0.001387397525832057
261,0.00020330821280367672
262,0.003973762039095163
263,0.006583092268556356
264,-0.00868686567991972
265,0.01770935393869877
266,-0.006757906638085842
267,-0.003974032122641802
268,-0.008650601841509342
269,0.007821708917617798
270,0.007197637110948563
271,0.023311391472816467
272,0.00356415961869061
273,-0.005496479570865631
274,-0.003633864689618349
275,-0.0027672320138663054
276,0.01568269170820713
277,0.002128429478034377
278,-0.0005240190657787025
279,0.01051543653011322
280,0.001544180791825056
281,-0.008965753950178623
282,-0.00015137977607082576
283,0.0008899028180167079
284,0.0091719264164567
285,-0.000294008816126734
286,0.007413649465888739
287,-0.010298347100615501
288,-0.008791224099695683
289,0.0019794926047325134
290,0.0023640163708478212
291,-0.01123946812003851
292,-0.00577021948993206
293,-0.008460190147161484
294,-0.001381874200887978
295,-0.005359985399991274
296,0.0032595025841146708
297,-0.01031481847167015
298,0.00010957280755974352
299,0.0034344694577157497
300,0.0013650512555614114
301,-0.0013470890698954463
302,0.006709656678140163
303,-0.002621975028887391
304,0.01224020216614008
305,0.012753760442137718
306,0.005057497415691614
307,0.003521490143612027
308,-0.002415639581158757
309,0.0015771767357364297
310,0.008399124257266521
311,0.006304175592958927
312,-0.002089169342070818
313,0.007719044107943773
314,0.007630778942257166
315,0.0003646506229415536
316,0.011793907731771469
317,-0.009498795494437218
318,-0.00943055935204029
319,0.006465442944318056
320,-0.00930069014430046
321,0.005760312080383301
322,0.003935222513973713
323,-0.0089038060978055
324,0.01113674882799387
325,0.014186115935444832
326,-0.0018749251030385494
327,0.0019469155231490731
328,0.0020345021039247513
329,0.002946692518889904
330,0.006604495458304882
331,-0.004511990584433079
332,0.002236543223261833
333,0.007758772931993008
334,0.006336859427392483
335,0.011587223038077354
336,-0.0026499840896576643
337,-0.0017577700782567263
338,-0.0036859088577330112
339,-0.01231341902166605
340,-0.00036041889688931406
341,0.0008191008237190545
342,0.007854565978050232
343,-0.008660323917865753
344,0.007599659729748964
345,-0.0017145677702501416
346,0.012309798039495945
347,0.006781150121241808
348,-0.0030369185842573643
349,0.003888797713443637
350,-0.006102518178522587
351,0.010909956879913807
352,-0.02058526687324047
353,-0.008946549147367477
354,-0.010722881183028221
355,-0.00043712122715078294
356,0.00026693640393204987
357,-0.0030426266603171825
358,-0.004888045601546764
359,-0.013093453831970692
360,-0.003916322719305754
361,0.007970438338816166
362,0.000934977550059557
363,-0.006705570966005325
364,0.013969107531011105
365,0.0002627915237098932
366,0.0076452274806797504
367,-0.0010043467627838254
368,0.011481177993118763
369,-0.006975616328418255
370,0.00930441077798605
371,0.008531041443347931
372,-0.006869354750961065
373,0.009354911744594574
374,-0.007028710562735796
375,-0.009733336046338081
376,-0.004432442598044872
377,-0.00951209757477045
378,-0.0018109247321262956
379,-0.0072535364888608456
380,0.000758015550673008
381,0.004663201980292797
382,0.0047815823927521706
383,0.004415909759700298
384,-0.003555689938366413
385,-0.002551837358623743
386,0.005752533208578825
387,0.017328212037682533
388,-0.0011203170288354158
389,0.021112574264407158
390,-0.008703733794391155
391,0.008715655654668808
392,-0.005386607721447945
393,0.00674112094566226
394,0.0015297766076400876
395,0.006122917402535677
396,0.01121504046022892
397,0.011916154995560646
398,0.010079940780997276
399,-0.004065854474902153
400,0.001880377996712923
401,-0.005401311907917261
402,0.007178083527833223
403,0.007911905646324158
404,0.011338473297655582
405,-0.003160410560667515
406,-0.006123948376625776
407,0.004967556335031986
408,0.001619032584130764
409,-0.007039356045424938
410,-0.004695545416325331
411,0.0035283640027046204
412,0.001380779081955552
413,0.011527559719979763
414,-0.005432953126728535
415,-0.005058561451733112
416,0.012396063655614853
417,0.00013496038445737213
418,0.0011584149906411767
419,-0.00012795315706171095
420,0.0022885198704898357
421,0.0003073396801482886
422,0.00043911492684856057
423,-0.0012915014522150159
424,0.007090243510901928
425,-0.0015766267897561193
426,-0.01097935438156128
427,0.019862739369273186
428,-0.007619907148182392
429,-0.0006051492528058589
430,0.004097947385162115
431,0.0034602296072989702
432,0.0034157370682805777
433,0.013050729408860207
434,-0.0011751430574804544
435,0.013353757560253143
436,-0.0004483388038352132
437,0.0025784617755562067
438,-0.006687528919428587
439,-0.009165586903691292
440,0.0013395678251981735
441,-0.007532987277954817
442,0.007929572835564613
443,0.0011634721886366606
444,0.0029841542709618807
445,-0.002301372354850173
446,-0.0015324210980907083
447,0.004257239401340485
448,0.0017760503105819225
449,0.0006437486154027283
450,-0.007322964258491993
451,0.008642633445560932
452,-0.005931335035711527
453,0.016249146312475204
454,-0.005178623832762241
455,0.005714619066566229
456,0.0001510061847511679
457,0.008634237572550774
458,-0.007842132821679115
459,-0.0027289181016385555
460,-0.003338275011628866
461,-0.0025682547129690647
462,0.010087709873914719
463,0.002383616752922535
464,0.006874367594718933
465,-0.003231445560231805
466,-0.0016179900849238038
467,0.009990853257477283
468,-0.02838807925581932
469,0.0037197854835540056
470,-0.004201361443847418
471,0.003941875882446766
472,-0.00039925487362779677
473,0.0048970067873597145
474,0.004433377645909786
475,-2.6215182515443303e-05
476,-0.00028705652221105993
477,-0.002836703322827816
478,-0.0002379537036176771
479,0.0032670306973159313
480,-0.006174661684781313
481,-0.0018576688598841429
482,0.0014994462253525853
483,0.008496868424117565
484,0.008359363302588463
485,-0.0005655192653648555
486,0.015008222311735153
487,0.0007804977358318865
488,-0.008030673488974571
489,0.011118571273982525
490,0.0012286854907870293
491,-7.034283771645278e-05
492,-0.003050563158467412
493,0.0012633403530344367
494,-0.011396750807762146
495,0.00788789801299572
496,0.01142360270023346
497,0.0029326833318918943
498,0.005354588385671377
499,0.014385002665221691
