0,0.0006415181560441852
1,0.0003177025937475264
2,-0.00019725729362107813
3,0.00045804836554452777
4,0.0006305548595264554
5,-6.190976273501292e-05
6,7.244719745358452e-05
7,0.0002825354167725891
8,0.0006651794537901878
9,0.0006457685376517475
10,0.000544982380233705
11,0.0008511831401847303
12,0.0010609946912154555
13,0.0007149029988795519
14,0.0002531718637328595
15,0.0004711782094091177
16,0.0006846016040071845
17,0.0006457712152041495
18,0.001133269164711237
19,0.0009330508182756603
20,0.0007244138396345079
21,0.0010695887031033635
22,0.0011860652593895793
23,0.00048700105980969965
24,0.0006956765428185463
25,0.0012586622033268213
26,0.0009404138545505702
27,0.001076551852747798
28,0.0006025353213772178
29,0.0008127436740323901
30,0.0004756830458063632
31,0.0010982895037159324
32,0.0007453883881680667
33,0.0006916811689734459
34,0.0008562511065974832
35,0.0003965257201343775
36,0.0012741382233798504
37,0.0007367708021774888
38,0.0005787305999547243
39,0.0009177910978905857
40,0.0013934129383414984
41,0.0010955448960885406
42,0.0009987534722313285
43,0.0011231777025386691
44,0.0009330938337370753
45,0.001666241092607379
46,0.0011142081348225474
47,0.0012618849286809564
48,0.0008871207246556878
49,0.0009128726087510586
50,0.0012757170479744673
51,0.0010989966103807092
52,0.0013305646134540439
53,0.0009196035098284483
54,0.0007946309051476419
55,0.0008307601092383265
56,0.0011936831288039684
57,0.0009976139990612864
58,0.0010448663961142302
59,0.0008884795242920518
60,0.0005326594691723585
61,0.0009479403379373252
62,0.0007557819481007755
63,0.0008788223494775593
64,0.001061238581314683
65,0.000838600448332727
66,0.0011608090717345476
67,0.000517720531206578
68,0.001097420696169138
69,0.0007148869335651398
70,0.0007747469935566187
71,0.0009963028132915497
72,0.0011853704927489161
73,0.001028427155688405
74,0.0006267820717766881
75,0.0011185709154233336
76,0.0011090285843238235
77,0.00093286600895226
78,0.0008424867410212755
79,0.0015110287349671125
80,0.00114251219201833
81,0.0010921831708401442
82,0.000934181734919548
83,0.0013927255058661103
84,0.00117017503362149
85,0.0006664332468062639
86,0.0009642511140555143
87,0.0007494633318856359
88,0.0013571869349107146
89,0.00089359370758757
90,0.0009484632173553109
91,0.0007446621311828494
92,0.0015560153406113386
93,0.0012139006284996867
94,0.0010666153393685818
95,0.0018248705891892314
96,0.0010629048338159919
97,0.0009626254322938621
98,0.0008452756446786225
99,0.001207874738611281
100,0.000750511942896992
101,0.0012599917827174067
102,0.0012960651656612754
103,0.0004218840040266514
104,0.0013844977365806699
105,0.0008007122087292373
106,0.0010840172180905938
107,0.0007444244110956788
108,0.0011266404762864113
109,0.0007727736956439912
110,0.0005324840312823653
111,0.0006925750058144331
112,0.0005934161599725485
113,0.0008279939647763968
114,0.0015048127388581634
115,0.0012348563177511096
116,0.0006777277449145913
117,0.0008828124264255166
118,0.0013937591575086117
119,0.0009222657536156476
120,0.0011744394432753325
121,0.0015843327855691314
122,0.0007333771791309118
123,0.0009918315336108208
124,0.0012973608681932092
125,0.0006765107973478734
126,0.0008779065683484077
127,0.0010088173439726233
128,0.0012188248801976442
129,0.0004861282359343022
130,0.0013482420472428203
131,0.0010774638503789902
132,0.0008079273393377662
133,0.0009947553044185042
134,0.0010700223501771688
135,0.0007493454613722861
136,0.0015920974547043443
137,0.0010399568127468228
138,0.0005915717920288444
139,0.0006500192685052752
140,0.0008142501465044916
141,0.00048418817459605634
142,0.0012579566100612283
143,0.0009548097150400281
144,0.0009607390966266394
145,0.0008555073291063309
146,0.0012685853289440274
147,0.0008538649417459965
148,0.00042389219743199646
149,0.0007539648213423789
150,0.0010613303165882826
151,0.0012692076852545142
152,0.0007249313057400286
153,0.0006970615359023213
154,0.001265120692551136
155,0.0006243357202038169
156,0.0011821029474958777
157,0.0014214590191841125
158,0.0006785552832297981
159,0.0005806747358292341
160,0.001043692696839571
161,0.0013182911789044738
162,0.0009298915974795818
163,0.0009549948736093938
164,0.0009918828727677464
165,0.000880005827639252
166,0.0004987440188415349
167,0.001014736364595592
168,0.001030833926051855
169,0.0011837970232591033
170,0.0008201187592931092
171,0.0009502119501121342
172,0.0012204248923808336
173,0.0010848965030163527
174,0.0006473532994277775
175,0.0011126755271106958
176,0.0008793722954578698
177,0.0013814084231853485
178,0.000749854079913348
179,0.0009495412814430892
180,0.0009816846577450633
181,0.0015864040469750762
182,0.0011378288036212325
183,0.0011862313840538263
184,0.0009381912532262504
185,0.0007873778813518584
186,0.0010883223731070757
187,0.0007017006864771247
188,0.0008566812030039728
189,0.0011001363163813949
190,0.0005260161124169827
191,0.0018983978079631925
192,0.0009356603841297328
193,0.0012701147934421897
194,0.000996980583295226
195,0.0006885423208586872
196,0.0009431104990653694
197,0.0008564339950680733
198,0.0006716388161294162
199,0.00050783297047019
200,0.0012184430379420519
201,0.0010863482020795345
202,0.0011945700971409678
203,0.0010760084260255098
204,0.0008042024564929307
205,0.0004195201036054641
206,0.0010200274409726262
207,0.0012336552608758211
208,0.0009123465861193836
209,0.0010238820686936378
210,0.000848695810418576
211,0.000994391622953117
212,0.0009771919576451182
213,0.0010090183932334185
214,0.0009968401864171028
215,0.0005376071203500032
216,0.0008182375459000468
217,0.00042666983790695667
218,0.0007976936176419258
219,0.00019110234279651195
220,0.0009094355045817792
221,0.000922078441362828
222,0.0010557653149589896
223,0.0010197226656600833
224,0.0006096370634622872
225,0.0006369958282448351
226,0.0005576809635385871
227,0.00181886600330472
228,0.0013569234870374203
229,0.0013222809648141265
230,0.001137650921009481
231,0.0006374381482601166
232,0.0007513017044402659
233,0.0004340749292168766
234,0.0017662099562585354
235,0.0009353787172585726
236,0.0005348703707568347
237,0.0010800774907693267
238,0.0010513525921851397
239,0.0006756788934580982
240,0.0009300582460127771
241,0.0004445119993761182
242,0.0006483878241851926
243,0.0010601385729387403
244,0.0007848374079912901
245,0.0011420233640819788
246,0.0006600398337468505
247,0.0010106796398758888
248,0.000852791010402143
249,0.001124371774494648
250,0.0007839433965273201
251,0.00048700199113227427
252,0.000653378083370626
253,0.0007914421148598194
254,0.0012474056566134095
255,0.0006000495632179081
256,0.0007853095885366201
257,0.0011089436011388898
258,0.0010789871448650956
259,0.001365544507279992
260,0.0009291564347222447
261,0.0013664711732417345
262,0.0005995419342070818
263,0.0009609570261090994
264,0.00043093800195492804
265,0.0012354683130979538
266,0.0009541024337522686
267,0.0005328070838004351
268,0.0003158845938742161
269,0.000571601209230721
270,0.0012089275987818837
271,0.0020769406110048294
272,0.0005030407337471843
273,0.0009301480604335666
274,0.0011456372449174523
275,0.0007641218253411353
276,0.0015930740628391504
277,0.0010920369531959295
278,0.0009218431659974158
279,0.0006412990624085069
280,0.0008181359735317528
281,0.0006807882455177605
282,0.0008035363280214369
283,0.0011827435810118914
284,0.0009026942425407469
285,0.001025597215630114
286,0.0007747446070425212
287,0.0009023178718052804
288,0.0010836045257747173
289,0.0007093155873008072
290,0.0012998257298022509
291,0.0009515951387584209
292,0.0004013824509456754
293,0.0008841823437251151
294,0.0005484044086188078
295,0.0010179327800869942
296,0.0006893999525345862
297,0.0005846620770171285
298,0.0010925192618742585
299,0.0007925328682176769
300,0.0010366872884333134
301,0.0011455523781478405
302,0.0007500062347389758
303,0.0005096057429909706
304,0.0015634380979463458
305,0.0009360096300952137
306,0.0008284049690701067
307,0.0011055620852857828
308,0.0009681647643446922
309,0.001174618024379015
310,0.0008487266022711992
311,0.001070495112799108
312,0.0008645342895761132
313,0.0010514205787330866
314,0.0011006997665390372
315,0.0012038545683026314
316,0.0010019865585491061
317,0.001026622485369444
318,0.0003318304952699691
319,0.0010390377137809992
320,0.0008069151663221419
321,0.0013604016276076436
322,0.001084113959223032
323,0.0008800944779068232
324,0.0008521417039446533
325,0.00135236163623631
326,0.0013735826360061765
327,0.0007397918961942196
328,0.0007940130890347064
329,0.0006239839131012559
330,0.0013585309498012066
331,0.0009526825160719454
332,0.0011233980767428875
333,0.0008773879380896688
334,0.0007957337656989694
335,0.0014338979963213205
336,0.0007957465713843703
337,0.0006718560471199453
338,0.00130199093837291
339,0.0007045706734061241
340,0.000768784957472235
341,0.0006608286639675498
342,0.0015271324664354324
343,0.0006124879000708461
344,0.0007065254030749202
345,0.0010817546863108873
346,0.0008956665406003594
347,0.0008928594761528075
348,0.0009959600865840912
349,0.000849985983222723
350,0.0006141881458461285
351,0.0012961013708263636
352,0.0005372107261791825
353,0.0005860417149960995
354,0.0011259678285568953
355,0.0011886379215866327
356,0.0010267861653119326
357,0.0009213857119902968
358,0.0010117985075339675
359,0.0012303140247240663
360,0.0007530226721428335
361,0.0013457337627187371
362,0.00116060022264719
363,0.0014151607174426317
364,0.001053009182214737
365,0.0010501124197617173
366,0.0009485428454354405
367,0.0005402668030001223
368,0.0016124488320201635
369,0.0011445782147347927
370,0.001081241061910987
371,0.0010652744676917791
372,0.0005132224760018289
373,0.0009222073713317513
374,0.0006276237545534968
375,0.0012153134448453784
376,0.0016834721900522709
377,0.0009178813197650015
378,0.0009763814159668982
379,0.0005882374825887382
380,0.0007978633511811495
381,0.0011695222929120064
382,0.0006333080236800015
383,0.0010162072721868753
384,0.0014257291331887245
385,0.0010567554272711277
386,0.0007534811156801879
387,0.0011990322964265943
388,0.001049166894517839
389,0.0011122989235445857
390,0.0009590641711838543
391,0.0006747288862243295
392,0.0010573017643764615
393,0.0012489233631640673
394,0.0012684442335739732
395,0.0010039624758064747
396,0.0012579605681821704
397,0.0009079830488190055
398,0.001451963442377746
399,0.0006114756688475609
400,0.0008104940643534064
401,0.000730626517906785
402,0.0014331145212054253
403,0.000963189173489809
404,0.0008692374685779214
405,0.0007409852696582675
406,0.00045366829726845026
407,0.0011119775008410215
408,0.0011341788340359926
409,0.0007130961748771369
410,0.0010174778290092945
411,0.0010398135054856539
412,0.0007733661332167685
413,0.0009592531132511795
414,0.0005203089094720781
415,0.0006413417286239564
416,0.0015486355405300856
417,0.000857444538269192
418,0.0007952793384902179
419,0.0011604736791923642
420,0.0010891957208514214
421,0.0006163488142192364
422,0.0008411280578002334
423,0.0009106489596888423
424,0.001383505412377417
425,0.0012007256736978889
426,0.0006839512498117983
427,0.0011735828593373299
428,0.000676942290738225
429,0.0010302397422492504
430,0.001280697644688189
431,0.0007032899302430451
432,0.0009350847103632987
433,0.0009255132172256708
434,0.0008281790069304407
435,0.0010489949490875006
436,0.0010758594144135714
437,0.0009008079068735242
438,0.0004470981366466731
439,0.0009380303672514856
440,0.0008065548609010875
441,0.000848875381052494
442,0.0013739202404394746
443,0.0008913578931242228
444,0.000885077053681016
445,0.0008394016767852008
446,0.0011540100676938891
447,0.001202328596264124
448,0.0011185421608388424
449,0.00091339967912063
450,0.0007360316812992096
451,0.0008466964354738593
452,0.0007243584841489792
453,0.0015023701125755906
454,0.0007140631205402315
455,0.0006327832816168666
456,0.0008520180126652122
457,0.0014099879190325737
458,0.0005023230914957821
459,0.0010108882561326027
460,0.0009359514224343002
461,0.000615612487308681
462,0.0017351373098790646
463,0.0008956951787695289
464,0.0008672824478708208
465,0.0008677577716298401
466,0.0010354082332924008
467,0.0011301700724288821
468,0.0007069528801366687
469,0.0006536295404657722
470,0.0008735355804674327
471,0.0008398006320931017
472,0.00041438668267801404
473,0.0011908267624676228
474,0.0007843743660487235
475,0.0009653455344960093
476,0.0010800888994708657
477,0.0012116729049012065
478,0.0018999845487996936
479,0.001127139781601727
480,0.001092466409318149
481,0.000979344011284411
482,0.0008991003269329667
483,0.0011545878369361162
484,0.0011987262405455112
485,0.0012423741864040494
486,0.0009637292241677642
487,0.0008531789644621313
488,0.000719871954061091
489,0.0006799489492550492
490,0.000748852442484349
491,0.001257054042071104
492,0.0011953976936638355
493,0.0010309841018170118
494,0.0008512260392308235
495,0.000986095517873764
496,0.0016852248227223754
497,0.0007498826016671956
498,0.001730846706777811
499,0.0016705248272046447
